sku,location_id,part_name,category,city,country_code,climate_zone,forecast_21d_units,forecast_avg_daily,forecast_peak_day_units,avg_temp_c,min_temp_c,max_temp_c,rain_days,snow_days,cold_snap_days,heatwave_days,weather_spike_days,temperature_drop_days,temperature_rise_days,payday_window_days,cold_risk_days,heat_risk_days,wet_risk_days,weather_risk_days,business_trigger_days,baseline_avg_daily,baseline_last_21d_units,baseline_21d_units,uplift_vs_baseline_percent,seasonality_score,weather_sensitivity_score,business_impact_score
PEU-AC-REFILL,CZ_PRG,Kit incarcare clima R134a/R1234yf,ac_cooling,Prague,Czechia,Central,56.5608,2.6933714285714285,3.1373,-1.0623809523809524,-2.47,0.02,0,21,0,0,0,0,0,3,21,0,21,21,21,2.9464285714285716,58.0,61.87500000000001,-8.59,2.334,2.0266,79.95
PEU-AC-REFILL,DE_BER,Kit incarcare clima R134a/R1234yf,ac_cooling,Berlin,Germany,Central,55.830799999999996,2.6586095238095235,3.011,0.14047619047619048,-1.21,0.86,0,21,0,0,0,0,0,0,21,0,21,21,21,3.017857142857143,57.0,63.375,-11.9,2.3397,1.9542,81.6
PEU-AC-REFILL,DK_CPH,Kit incarcare clima R134a/R1234yf,ac_cooling,Copenhagen,Denmark,North_Central,56.1911,2.6757666666666666,3.0098,1.08,-0.06,2.6,0,16,0,0,0,0,0,0,16,0,16,16,16,2.9642857142857144,59.0,62.25,-9.73,2.1332,1.612,79.0
PEU-AC-REFILL,EE_TLL,Kit incarcare clima R134a/R1234yf,ac_cooling,Tallinn,Estonia,Nordic,59.988,2.8565714285714288,3.3913,-5.933333333333333,-7.29,-4.45,0,21,17,0,0,0,0,3,21,0,21,21,21,2.982142857142857,57.0,62.625,-4.21,2.149,1.542,81.04
PEU-AC-REFILL,ES_MAD,Kit incarcare clima R134a/R1234yf,ac_cooling,Madrid,Spain,South,55.9592,2.6647238095238097,3.1545,7.093809523809524,5.75,7.96,0,0,0,0,0,0,0,0,0,0,0,0,0,2.767857142857143,53.0,58.125,-3.73,2.5814,5.1764,93.66
PEU-AC-REFILL,FI_HEL,Kit incarcare clima R134a/R1234yf,ac_cooling,Helsinki,Finland,Nordic,60.7317,2.891985714285714,3.1929,-6.748571428571428,-8.29,-5.81,0,21,21,0,0,0,0,0,21,0,21,21,21,3.375,69.0,70.875,-14.31,2.1467,1.5299,83.26
PEU-AC-REFILL,FR_PAR,Kit incarcare clima R134a/R1234yf,ac_cooling,Paris,France,West,59.2812,2.8229142857142855,3.0896,4.016666666666667,2.64,5.1,0,0,0,0,0,0,0,0,0,0,0,0,0,3.232142857142857,66.0,67.875,-12.66,2.3113,2.0929,84.7
PEU-AC-REFILL,IT_MIL,Kit incarcare clima R134a/R1234yf,ac_cooling,Milan,Italy,South,56.9394,2.7114,2.9844,5.016190476190476,3.72,5.97,0,0,0,0,0,0,0,0,0,0,0,0,0,3.0,58.0,63.0,-9.62,2.79,4.4302,94.86
PEU-AC-REFILL,NL_AMS,Kit incarcare clima R134a/R1234yf,ac_cooling,Amsterdam,Netherlands,West,57.101,2.719095238095238,3.0254,2.947142857142857,1.6,4.23,0,0,0,0,0,0,0,0,0,0,0,0,0,3.0535714285714284,60.0,64.125,-10.95,2.1444,1.525,79.81
PEU-AC-REFILL,PL_WAW,Kit incarcare clima R134a/R1234yf,ac_cooling,Warsaw,Poland,Central,57.3456,2.730742857142857,3.2859,-1.7014285714285713,-3.21,-0.84,0,21,0,0,0,0,0,3,21,0,21,21,21,2.8392857142857144,54.0,59.625,-3.82,2.3448,2.0618,81.71
PEU-AC-REFILL,RO_BUC,Kit incarcare clima R134a/R1234yf,ac_cooling,Bucharest,Romania,East,57.5691,2.7413857142857143,3.353,-0.7733333333333334,-2.37,0.23,0,21,0,0,0,0,0,3,21,0,21,21,21,2.732142857142857,50.0,57.375,0.34,2.9916,3.9404,91.55
PEU-AC-REFILL,SE_STO,Kit incarcare clima R134a/R1234yf,ac_cooling,Stockholm,Sweden,Nordic,59.262,2.822,3.1966,-4.496666666666667,-5.53,-3.03,0,21,9,0,0,0,0,0,21,0,21,21,21,3.142857142857143,63.0,66.0,-10.21,2.1555,1.5468,82.43
PEU-ADBLUE-10L,CZ_PRG,AdBlue 10L,consumables,Prague,Czechia,Central,130.0052,6.19072380952381,6.7143,-1.0623809523809524,-2.47,0.02,0,21,0,0,0,0,0,3,21,0,21,21,21,6.714285714285714,135.0,141.0,-7.8,0.0804,0.0178,23.16
PEU-ADBLUE-10L,DE_BER,AdBlue 10L,consumables,Berlin,Germany,Central,142.0645,6.764976190476191,7.3158,0.14047619047619048,-1.21,0.86,0,21,0,0,0,0,0,0,21,0,21,21,21,7.107142857142857,148.0,149.25,-4.81,0.0668,0.0241,25.16
PEU-ADBLUE-10L,DK_CPH,AdBlue 10L,consumables,Copenhagen,Denmark,North_Central,137.814,6.562571428571428,6.9892,1.08,-0.06,2.6,0,16,0,0,0,0,0,0,16,0,16,16,16,7.053571428571429,142.0,148.125,-6.96,0.0705,0.0184,24.12
PEU-ADBLUE-10L,EE_TLL,AdBlue 10L,consumables,Tallinn,Estonia,Nordic,145.5788,6.93232380952381,7.594,-5.933333333333333,-7.29,-4.45,0,21,17,0,0,0,0,3,21,0,21,21,21,7.482142857142857,154.0,157.125,-7.35,0.065,0.0217,25.14
PEU-ADBLUE-10L,ES_MAD,AdBlue 10L,consumables,Madrid,Spain,South,136.477,6.498904761904762,6.9642,7.093809523809524,5.75,7.96,0,0,0,0,0,0,0,0,0,0,0,0,0,6.839285714285714,141.0,143.625,-4.98,0.0816,0.0118,23.08
PEU-ADBLUE-10L,FI_HEL,AdBlue 10L,consumables,Helsinki,Finland,Nordic,144.9607,6.902890476190477,7.5824,-6.748571428571428,-8.29,-5.81,0,21,21,0,0,0,0,0,21,0,21,21,21,7.785714285714286,158.0,163.5,-11.34,0.0834,0.0246,30.0
PEU-ADBLUE-10L,FR_PAR,AdBlue 10L,consumables,Paris,France,West,142.3029,6.7763285714285715,7.3887,4.016666666666667,2.64,5.1,0,0,0,0,0,0,0,0,0,0,0,0,0,7.392857142857143,151.0,155.25,-8.34,0.0607,0.0065,22.8
PEU-ADBLUE-10L,IT_MIL,AdBlue 10L,consumables,Milan,Italy,South,137.4725,6.546309523809524,6.9867,5.016190476190476,3.72,5.97,0,0,0,0,0,0,0,0,0,0,0,0,0,7.107142857142857,145.0,149.25,-7.89,0.0811,0.0185,25.9
PEU-ADBLUE-10L,NL_AMS,AdBlue 10L,consumables,Amsterdam,Netherlands,West,140.342,6.682952380952382,7.2655,2.947142857142857,1.6,4.23,0,0,0,0,0,0,0,0,0,0,0,0,0,7.232142857142857,149.0,151.875,-7.59,0.0727,0.0072,23.37
PEU-ADBLUE-10L,PL_WAW,AdBlue 10L,consumables,Warsaw,Poland,Central,138.1608,6.579085714285714,7.2632,-1.7014285714285713,-3.21,-0.84,0,21,0,0,0,0,0,3,21,0,21,21,21,6.964285714285714,142.0,146.25,-5.53,0.0905,0.0213,25.57
PEU-ADBLUE-10L,RO_BUC,AdBlue 10L,consumables,Bucharest,Romania,East,133.5922,6.361533333333333,6.9411,-0.7733333333333334,-2.37,0.23,0,21,0,0,0,0,0,3,21,0,21,21,21,6.625,137.0,139.125,-3.98,0.0711,0.0198,22.41
PEU-ADBLUE-10L,SE_STO,AdBlue 10L,consumables,Stockholm,Sweden,Nordic,143.2866,6.823171428571428,7.4504,-4.496666666666667,-5.53,-3.03,0,21,9,0,0,0,0,0,21,0,21,21,21,7.589285714285714,158.0,159.375,-10.09,0.0747,0.0307,27.52
PEU-AIR-FILTER,CZ_PRG,Filtru aer motor,filters,Prague,Czechia,Central,136.1531,6.483480952380952,7.1008,-1.0623809523809524,-2.47,0.02,0,21,0,0,0,0,0,3,21,0,21,21,21,6.785714285714286,139.0,142.5,-4.45,0.0573,0.0,17.92
PEU-AIR-FILTER,DE_BER,Filtru aer motor,filters,Berlin,Germany,Central,142.2712,6.774819047619047,7.332,0.14047619047619048,-1.21,0.86,0,21,0,0,0,0,0,0,21,0,21,21,21,7.232142857142857,151.0,151.875,-6.32,0.0652,0.01,24.8
PEU-AIR-FILTER,DK_CPH,Filtru aer motor,filters,Copenhagen,Denmark,North_Central,139.0603,6.621919047619048,7.1078,1.08,-0.06,2.6,0,16,0,0,0,0,0,0,16,0,16,16,16,7.071428571428571,143.0,148.5,-6.36,0.0756,0.0169,26.92
PEU-AIR-FILTER,EE_TLL,Filtru aer motor,filters,Tallinn,Estonia,Nordic,146.4095,6.971880952380952,7.6262,-5.933333333333333,-7.29,-4.45,0,21,17,0,0,0,0,3,21,0,21,21,21,7.571428571428571,157.0,159.0,-7.92,0.0751,0.022,29.42
PEU-AIR-FILTER,ES_MAD,Filtru aer motor,filters,Madrid,Spain,South,136.8739,6.517804761904761,6.9149,7.093809523809524,5.75,7.96,0,0,0,0,0,0,0,0,0,0,0,0,0,6.892857142857143,143.0,144.75,-5.44,0.0748,0.0178,26.17
PEU-AIR-FILTER,FI_HEL,Filtru aer motor,filters,Helsinki,Finland,Nordic,146.023,6.953476190476191,7.6589,-6.748571428571428,-8.29,-5.81,0,21,21,0,0,0,0,0,21,0,21,21,21,8.107142857142858,164.0,170.25,-14.23,0.078,0.0222,31.85
PEU-AIR-FILTER,FR_PAR,Filtru aer motor,filters,Paris,France,West,145.1792,6.913295238095238,7.6026,4.016666666666667,2.64,5.1,0,0,0,0,0,0,0,0,0,0,0,0,0,7.625,158.0,160.125,-9.33,0.0813,0.0,23.9
PEU-AIR-FILTER,IT_MIL,Filtru aer motor,filters,Milan,Italy,South,141.0733,6.71777619047619,7.2787,5.016190476190476,3.72,5.97,0,0,0,0,0,0,0,0,0,0,0,0,0,7.285714285714286,149.0,153.0,-7.8,0.076,0.0221,28.76
PEU-AIR-FILTER,NL_AMS,Filtru aer motor,filters,Amsterdam,Netherlands,West,142.3075,6.776547619047619,7.3484,2.947142857142857,1.6,4.23,0,0,0,0,0,0,0,0,0,0,0,0,0,7.375,149.0,154.875,-8.11,0.0582,0.004,23.82
PEU-AIR-FILTER,PL_WAW,Filtru aer motor,filters,Warsaw,Poland,Central,135.6585,6.459928571428572,7.1177,-1.7014285714285713,-3.21,-0.84,0,21,0,0,0,0,0,3,21,0,21,21,21,6.946428571428571,144.0,145.875,-7.0,0.0864,0.008,25.91
PEU-AIR-FILTER,RO_BUC,Filtru aer motor,filters,Bucharest,Romania,East,133.2344,6.344495238095238,6.9061,-0.7733333333333334,-2.37,0.23,0,21,0,0,0,0,0,3,21,0,21,21,21,6.767857142857143,138.0,142.125,-6.26,0.0755,0.0129,24.61
PEU-AIR-FILTER,SE_STO,Filtru aer motor,filters,Stockholm,Sweden,Nordic,145.7843,6.942109523809524,7.599,-4.496666666666667,-5.53,-3.03,0,21,9,0,0,0,0,0,21,0,21,21,21,7.803571428571429,162.0,163.875,-11.04,0.0821,0.0424,32.49
PEU-ANTIFREEZE-G12,CZ_PRG,Antigel G12 concentrat 1L,coolant,Prague,Czechia,Central,169.6119,8.076757142857142,9.0353,-1.0623809523809524,-2.47,0.02,0,21,0,0,0,0,0,3,21,0,21,21,21,9.964285714285714,190.0,209.24999999999997,-18.94,0.8596,0.401,51.27
PEU-ANTIFREEZE-G12,DE_BER,Antigel G12 concentrat 1L,coolant,Berlin,Germany,Central,174.9865,8.332690476190477,9.6175,0.14047619047619048,-1.21,0.86,0,21,0,0,0,0,0,0,21,0,21,21,21,10.5,203.0,220.5,-20.64,0.8499,0.4123,52.66
PEU-ANTIFREEZE-G12,DK_CPH,Antigel G12 concentrat 1L,coolant,Copenhagen,Denmark,North_Central,174.0412,8.28767619047619,9.5344,1.08,-0.06,2.6,0,16,0,0,0,0,0,0,16,0,16,16,16,10.464285714285714,201.0,219.74999999999997,-20.8,0.8675,0.4022,52.82
PEU-ANTIFREEZE-G12,EE_TLL,Antigel G12 concentrat 1L,coolant,Tallinn,Estonia,Nordic,209.7303,9.987157142857143,11.526,-5.933333333333333,-7.29,-4.45,0,21,17,0,0,0,0,3,21,0,21,21,21,12.214285714285714,251.0,256.5,-18.23,0.8526,0.3546,54.91
PEU-ANTIFREEZE-G12,ES_MAD,Antigel G12 concentrat 1L,coolant,Madrid,Spain,South,168.90460000000002,8.04307619047619,9.1551,7.093809523809524,5.75,7.96,0,0,0,0,0,0,0,0,0,0,0,0,0,10.214285714285714,195.0,214.49999999999997,-21.26,0.7992,0.4254,52.31
PEU-ANTIFREEZE-G12,FI_HEL,Antigel G12 concentrat 1L,coolant,Helsinki,Finland,Nordic,212.3694,10.112828571428572,11.4977,-6.748571428571428,-8.29,-5.81,0,21,21,0,0,0,0,0,21,0,21,21,21,13.196428571428571,267.0,277.125,-23.37,0.8894,0.3401,56.67
PEU-ANTIFREEZE-G12,FR_PAR,Antigel G12 concentrat 1L,coolant,Paris,France,West,184.3017,8.776271428571429,10.0978,4.016666666666667,2.64,5.1,0,0,0,0,0,0,0,0,0,0,0,0,0,11.214285714285714,217.0,235.49999999999997,-21.74,0.8511,0.4052,54.0
PEU-ANTIFREEZE-G12,IT_MIL,Antigel G12 concentrat 1L,coolant,Milan,Italy,South,177.3581,8.44562380952381,9.6563,5.016190476190476,3.72,5.97,0,0,0,0,0,0,0,0,0,0,0,0,0,10.553571428571429,206.0,221.625,-19.97,0.8237,0.4532,54.86
PEU-ANTIFREEZE-G12,NL_AMS,Antigel G12 concentrat 1L,coolant,Amsterdam,Netherlands,West,177.1869,8.43747142857143,9.7,2.947142857142857,1.6,4.23,0,0,0,0,0,0,0,0,0,0,0,0,0,10.785714285714286,205.0,226.50000000000003,-21.77,0.8704,0.4247,55.21
PEU-ANTIFREEZE-G12,PL_WAW,Antigel G12 concentrat 1L,coolant,Warsaw,Poland,Central,171.886,8.18504761904762,9.0827,-1.7014285714285713,-3.21,-0.84,0,21,0,0,0,0,0,3,21,0,21,21,21,10.214285714285714,198.0,214.49999999999997,-19.87,0.8383,0.3982,50.62
PEU-ANTIFREEZE-G12,RO_BUC,Antigel G12 concentrat 1L,coolant,Bucharest,Romania,East,166.6134,7.93397142857143,9.0022,-0.7733333333333334,-2.37,0.23,0,21,0,0,0,0,0,3,21,0,21,21,21,9.892857142857142,190.0,207.75,-19.8,0.8232,0.4573,52.43
PEU-ANTIFREEZE-G12,SE_STO,Antigel G12 concentrat 1L,coolant,Stockholm,Sweden,Nordic,209.9222,9.996295238095238,11.5184,-4.496666666666667,-5.53,-3.03,0,21,9,0,0,0,0,0,21,0,21,21,21,12.25,260.0,257.25,-18.4,0.8527,0.3493,55.14
PEU-BATT-70AH,CZ_PRG,Baterie 70Ah AGM/EFB,battery,Prague,Czechia,Central,77.09440000000001,3.671161904761905,3.9868,-1.0623809523809524,-2.47,0.02,0,21,0,0,0,0,0,3,21,0,21,21,21,3.9464285714285716,81.0,82.875,-6.98,0.1952,0.8947,62.16
PEU-BATT-70AH,DE_BER,Baterie 70Ah AGM/EFB,battery,Berlin,Germany,Central,78.1367,3.7207952380952385,4.0728,0.14047619047619048,-1.21,0.86,0,21,0,0,0,0,0,0,21,0,21,21,21,4.071428571428571,81.0,85.5,-8.61,0.1564,0.8636,61.67
PEU-BATT-70AH,DK_CPH,Baterie 70Ah AGM/EFB,battery,Copenhagen,Denmark,North_Central,79.5429,3.787757142857143,4.0404,1.08,-0.06,2.6,0,16,0,0,0,0,0,0,16,0,16,16,16,4.089285714285714,83.0,85.875,-7.37,0.1562,0.8785,61.6
PEU-BATT-70AH,EE_TLL,Baterie 70Ah AGM/EFB,battery,Tallinn,Estonia,Nordic,137.2103,6.533823809523809,7.25,-5.933333333333333,-7.29,-4.45,0,21,17,0,0,0,0,3,21,0,21,21,21,5.946428571428571,143.0,124.875,9.88,0.5762,0.6051,65.37
PEU-BATT-70AH,ES_MAD,Baterie 70Ah AGM/EFB,battery,Madrid,Spain,South,77.7724,3.703447619047619,4.0239,7.093809523809524,5.75,7.96,0,0,0,0,0,0,0,0,0,0,0,0,0,3.9107142857142856,78.0,82.125,-5.3,0.1402,0.8857,61.15
PEU-BATT-70AH,FI_HEL,Baterie 70Ah AGM/EFB,battery,Helsinki,Finland,Nordic,140.338,6.682761904761905,7.2483,-6.748571428571428,-8.29,-5.81,0,21,21,0,0,0,0,0,21,0,21,21,21,6.5,150.0,136.5,2.81,0.551,0.6267,66.53
PEU-BATT-70AH,FR_PAR,Baterie 70Ah AGM/EFB,battery,Paris,France,West,82.9217,3.948652380952381,4.1585,4.016666666666667,2.64,5.1,0,0,0,0,0,0,0,0,0,0,0,0,0,4.303571428571429,89.0,90.375,-8.25,0.1641,0.8754,62.73
PEU-BATT-70AH,IT_MIL,Baterie 70Ah AGM/EFB,battery,Milan,Italy,South,81.3424,3.873447619047619,4.0699,5.016190476190476,3.72,5.97,0,0,0,0,0,0,0,0,0,0,0,0,0,4.107142857142857,87.0,86.24999999999999,-5.69,0.1792,0.8531,61.74
PEU-BATT-70AH,NL_AMS,Baterie 70Ah AGM/EFB,battery,Amsterdam,Netherlands,West,80.4645,3.831642857142857,4.0683,2.947142857142857,1.6,4.23,0,0,0,0,0,0,0,0,0,0,0,0,0,4.053571428571429,86.0,85.125,-5.47,0.1669,0.8869,62.89
PEU-BATT-70AH,PL_WAW,Baterie 70Ah AGM/EFB,battery,Warsaw,Poland,Central,78.8291,3.7537666666666665,4.1503,-1.7014285714285713,-3.21,-0.84,0,21,0,0,0,0,0,3,21,0,21,21,21,4.053571428571429,83.0,85.125,-7.4,0.1753,0.8806,62.29
PEU-BATT-70AH,RO_BUC,Baterie 70Ah AGM/EFB,battery,Bucharest,Romania,East,77.7023,3.7001095238095236,4.0245,-0.7733333333333334,-2.37,0.23,0,21,0,0,0,0,0,3,21,0,21,21,21,3.875,83.0,81.375,-4.51,0.1529,0.8645,60.6
PEU-BATT-70AH,SE_STO,Baterie 70Ah AGM/EFB,battery,Stockholm,Sweden,Nordic,131.4688,6.260419047619047,6.6905,-4.496666666666667,-5.53,-3.03,0,21,9,0,0,0,0,0,21,0,21,21,21,5.571428571428571,144.0,117.0,12.37,0.4828,0.5933,64.54
PEU-BRAKE-FLUID-DOT4,CZ_PRG,Lichid frana DOT4 1L,brakes,Prague,Czechia,Central,99.6309,4.7443285714285715,5.744,-1.0623809523809524,-2.47,0.02,0,21,0,0,0,0,0,3,21,0,21,21,21,5.017857142857143,102.0,105.37500000000001,-5.45,0.1076,0.0,17.09
PEU-BRAKE-FLUID-DOT4,DE_BER,Lichid frana DOT4 1L,brakes,Berlin,Germany,Central,102.6087,4.886128571428571,5.3045,0.14047619047619048,-1.21,0.86,0,21,0,0,0,0,0,0,21,0,21,21,21,5.517857142857143,111.0,115.87500000000001,-11.45,0.1002,0.0,15.36
PEU-BRAKE-FLUID-DOT4,DK_CPH,Lichid frana DOT4 1L,brakes,Copenhagen,Denmark,North_Central,100.6716,4.7938857142857145,5.2095,1.08,-0.06,2.6,0,16,0,0,0,0,0,0,16,0,16,16,16,5.232142857142857,108.0,109.87499999999999,-8.38,0.0981,0.0096,19.61
PEU-BRAKE-FLUID-DOT4,EE_TLL,Lichid frana DOT4 1L,brakes,Tallinn,Estonia,Nordic,109.89150000000001,5.232928571428571,6.121,-5.933333333333333,-7.29,-4.45,0,21,17,0,0,0,0,3,21,0,21,21,21,5.75,120.0,120.75,-8.99,0.0947,0.011,19.63
PEU-BRAKE-FLUID-DOT4,ES_MAD,Lichid frana DOT4 1L,brakes,Madrid,Spain,South,98.2875,4.680357142857143,5.5351,7.093809523809524,5.75,7.96,0,0,0,0,0,0,0,0,0,0,0,0,0,5.285714285714286,107.0,111.0,-11.45,0.0978,0.0024,17.66
PEU-BRAKE-FLUID-DOT4,FI_HEL,Lichid frana DOT4 1L,brakes,Helsinki,Finland,Nordic,107.3187,5.1104142857142865,5.6296,-6.748571428571428,-8.29,-5.81,0,21,21,0,0,0,0,0,21,0,21,21,21,6.089285714285714,123.0,127.875,-16.08,0.1147,0.0,21.33
PEU-BRAKE-FLUID-DOT4,FR_PAR,Lichid frana DOT4 1L,brakes,Paris,France,West,110.1475,5.245119047619047,5.7984,4.016666666666667,2.64,5.1,0,0,0,0,0,0,0,0,0,0,0,0,0,5.803571428571429,119.0,121.875,-9.62,0.1177,0.0,20.91
PEU-BRAKE-FLUID-DOT4,IT_MIL,Lichid frana DOT4 1L,brakes,Milan,Italy,South,103.4529,4.926328571428572,5.3729,5.016190476190476,3.72,5.97,0,0,0,0,0,0,0,0,0,0,0,0,0,5.428571428571429,112.0,114.0,-9.25,0.109,0.0215,24.86
PEU-BRAKE-FLUID-DOT4,NL_AMS,Lichid frana DOT4 1L,brakes,Amsterdam,Netherlands,West,103.3196,4.919980952380952,5.6377,2.947142857142857,1.6,4.23,0,0,0,0,0,0,0,0,0,0,0,0,0,5.482142857142857,111.0,115.12499999999999,-10.25,0.1014,0.0,16.96
PEU-BRAKE-FLUID-DOT4,PL_WAW,Lichid frana DOT4 1L,brakes,Warsaw,Poland,Central,105.4324,5.020590476190476,5.8674,-1.7014285714285713,-3.21,-0.84,0,21,0,0,0,0,0,3,21,0,21,21,21,5.214285714285714,107.0,109.5,-3.71,0.1077,0.0,17.65
PEU-BRAKE-FLUID-DOT4,RO_BUC,Lichid frana DOT4 1L,brakes,Bucharest,Romania,East,101.3622,4.826771428571429,5.6469,-0.7733333333333334,-2.37,0.23,0,21,0,0,0,0,0,3,21,0,21,21,21,5.089285714285714,102.0,106.875,-5.16,0.0907,0.0196,19.47
PEU-BRAKE-FLUID-DOT4,SE_STO,Lichid frana DOT4 1L,brakes,Stockholm,Sweden,Nordic,109.5187,5.21517619047619,5.738,-4.496666666666667,-5.53,-3.03,0,21,9,0,0,0,0,0,21,0,21,21,21,5.803571428571429,119.0,121.875,-10.14,0.1184,0.0,21.15
PEU-BRAKE-PADS-F,CZ_PRG,Placute frana fata,brakes,Prague,Czechia,Central,118.8755,5.660738095238095,6.5516,-1.0623809523809524,-2.47,0.02,0,21,0,0,0,0,0,3,21,0,21,21,21,5.982142857142857,121.0,125.62499999999999,-5.37,0.1512,0.0,36.47
PEU-BRAKE-PADS-F,DE_BER,Placute frana fata,brakes,Berlin,Germany,Central,118.1643,5.6268714285714285,6.4006,0.14047619047619048,-1.21,0.86,0,21,0,0,0,0,0,0,21,0,21,21,21,6.339285714285714,127.0,133.125,-11.24,0.1132,0.0142,41.48
PEU-BRAKE-PADS-F,DK_CPH,Placute frana fata,brakes,Copenhagen,Denmark,North_Central,118.8764,5.660780952380953,6.313,1.08,-0.06,2.6,0,16,0,0,0,0,0,0,16,0,16,16,16,6.303571428571429,127.0,132.375,-10.2,0.1029,0.0,31.96
PEU-BRAKE-PADS-F,EE_TLL,Placute frana fata,brakes,Tallinn,Estonia,Nordic,127.8469,6.087947619047619,6.9523,-5.933333333333333,-7.29,-4.45,0,21,17,0,0,0,0,3,21,0,21,21,21,6.714285714285714,138.0,141.0,-9.33,0.0943,0.0,32.0
PEU-BRAKE-PADS-F,ES_MAD,Placute frana fata,brakes,Madrid,Spain,South,119.41120000000001,5.686247619047619,6.3425,7.093809523809524,5.75,7.96,0,0,0,0,0,0,0,0,0,0,0,0,0,6.214285714285714,127.0,130.5,-8.5,0.1264,0.001,38.52
PEU-BRAKE-PADS-F,FI_HEL,Placute frana fata,brakes,Helsinki,Finland,Nordic,138.0484,6.573733333333332,7.1681,-6.748571428571428,-8.29,-5.81,0,21,21,0,0,0,0,0,21,0,21,21,21,7.017857142857143,145.0,147.375,-6.33,0.1001,0.0126,40.57
PEU-BRAKE-PADS-F,FR_PAR,Placute frana fata,brakes,Paris,France,West,126.94330000000001,6.044919047619048,6.8677,4.016666666666667,2.64,5.1,0,0,0,0,0,0,0,0,0,0,0,0,0,6.714285714285714,140.0,141.0,-9.97,0.1053,0.0,35.52
PEU-BRAKE-PADS-F,IT_MIL,Placute frana fata,brakes,Milan,Italy,South,120.0532,5.7168190476190475,6.4562,5.016190476190476,3.72,5.97,0,0,0,0,0,0,0,0,0,0,0,0,0,6.392857142857143,131.0,134.25,-10.57,0.0968,0.0148,36.3
PEU-BRAKE-PADS-F,NL_AMS,Placute frana fata,brakes,Amsterdam,Netherlands,West,120.228,5.725142857142857,6.409,2.947142857142857,1.6,4.23,0,0,0,0,0,0,0,0,0,0,0,0,0,6.464285714285714,131.0,135.75,-11.43,0.1015,0.0086,37.55
PEU-BRAKE-PADS-F,PL_WAW,Placute frana fata,brakes,Warsaw,Poland,Central,120.8284,5.753733333333334,6.7031,-1.7014285714285713,-3.21,-0.84,0,21,0,0,0,0,0,3,21,0,21,21,21,6.125,125.0,128.625,-6.06,0.1052,0.0,32.53
PEU-BRAKE-PADS-F,RO_BUC,Placute frana fata,brakes,Bucharest,Romania,East,112.9004,5.376209523809524,6.3601,-0.7733333333333334,-2.37,0.23,0,21,0,0,0,0,0,3,21,0,21,21,21,5.875,120.0,123.375,-8.49,0.0954,0.0325,37.09
PEU-BRAKE-PADS-F,SE_STO,Placute frana fata,brakes,Stockholm,Sweden,Nordic,124.2264,5.915542857142857,6.5917,-4.496666666666667,-5.53,-3.03,0,21,9,0,0,0,0,0,21,0,21,21,21,6.821428571428571,138.0,143.25,-13.28,0.106,0.0,36.49
PEU-CABIN-CARBON,CZ_PRG,Filtru habitaclu cu carbon,filters,Prague,Czechia,Central,112.1661,5.341242857142857,5.857,-1.0623809523809524,-2.47,0.02,0,21,0,0,0,0,0,3,21,0,21,21,21,5.767857142857143,117.0,121.12500000000001,-7.4,1.1759,0.2319,63.01
PEU-CABIN-CARBON,DE_BER,Filtru habitaclu cu carbon,filters,Berlin,Germany,Central,116.3214,5.539114285714286,6.0237,0.14047619047619048,-1.21,0.86,0,21,0,0,0,0,0,0,21,0,21,21,21,6.25,125.0,131.25,-11.37,1.1901,0.2239,65.5
PEU-CABIN-CARBON,DK_CPH,Filtru habitaclu cu carbon,filters,Copenhagen,Denmark,North_Central,107.3933,5.113966666666666,5.5448,1.08,-0.06,2.6,0,16,0,0,0,0,0,0,16,0,16,16,16,6.053571428571429,119.0,127.125,-15.52,1.1771,0.2572,65.67
PEU-CABIN-CARBON,EE_TLL,Filtru habitaclu cu carbon,filters,Tallinn,Estonia,Nordic,121.3879,5.780376190476191,6.3281,-5.933333333333333,-7.29,-4.45,0,21,17,0,0,0,0,3,21,0,21,21,21,6.321428571428571,129.0,132.75,-8.56,1.1865,0.2439,67.41
PEU-CABIN-CARBON,ES_MAD,Filtru habitaclu cu carbon,filters,Madrid,Spain,South,113.0974,5.385590476190476,5.8924,7.093809523809524,5.75,7.96,0,0,0,0,0,0,0,0,0,0,0,0,0,5.964285714285714,119.0,125.25,-9.7,1.1253,0.2813,67.08
PEU-CABIN-CARBON,FI_HEL,Filtru habitaclu cu carbon,filters,Helsinki,Finland,Nordic,127.6506,6.0786,6.683,-6.748571428571428,-8.29,-5.81,0,21,21,0,0,0,0,0,21,0,21,21,21,6.785714285714286,135.0,142.5,-10.42,1.1753,0.2469,67.73
PEU-CABIN-CARBON,FR_PAR,Filtru habitaclu cu carbon,filters,Paris,France,West,119.2785,5.679928571428571,6.2187,4.016666666666667,2.64,5.1,0,0,0,0,0,0,0,0,0,0,0,0,0,6.428571428571429,129.0,135.0,-11.65,1.1695,0.2447,67.31
PEU-CABIN-CARBON,IT_MIL,Filtru habitaclu cu carbon,filters,Milan,Italy,South,116.9824,5.5705904761904765,6.0528,5.016190476190476,3.72,5.97,0,0,0,0,0,0,0,0,0,0,0,0,0,6.232142857142857,125.0,130.875,-10.62,1.1276,0.1619,63.36
PEU-CABIN-CARBON,NL_AMS,Filtru habitaclu cu carbon,filters,Amsterdam,Netherlands,West,120.3171,5.729385714285714,6.2838,2.947142857142857,1.6,4.23,0,0,0,0,0,0,0,0,0,0,0,0,0,6.392857142857143,131.0,134.25,-10.38,1.1787,0.2285,65.79
PEU-CABIN-CARBON,PL_WAW,Filtru habitaclu cu carbon,filters,Warsaw,Poland,Central,116.2471,5.53557619047619,6.1324,-1.7014285714285713,-3.21,-0.84,0,21,0,0,0,0,0,3,21,0,21,21,21,5.946428571428571,122.0,124.875,-6.91,1.1844,0.2336,65.14
PEU-CABIN-CARBON,RO_BUC,Filtru habitaclu cu carbon,filters,Bucharest,Romania,East,108.5561,5.169338095238095,5.6496,-0.7733333333333334,-2.37,0.23,0,21,0,0,0,0,0,3,21,0,21,21,21,5.803571428571429,118.0,121.875,-10.93,1.1368,0.1604,60.88
PEU-CABIN-CARBON,SE_STO,Filtru habitaclu cu carbon,filters,Stockholm,Sweden,Nordic,120.7437,5.7497,6.2496,-4.496666666666667,-5.53,-3.03,0,21,9,0,0,0,0,0,21,0,21,21,21,6.625,132.0,139.125,-13.21,1.1833,0.227,67.27
PEU-COOLANT-PREMIX,CZ_PRG,Lichid racire premix 5L,coolant,Prague,Czechia,Central,152.8905,7.2805,8.0758,-1.0623809523809524,-2.47,0.02,0,21,0,0,0,0,0,3,21,0,21,21,21,8.571428571428571,167.0,180.0,-15.06,0.8491,0.4202,53.66
PEU-COOLANT-PREMIX,DE_BER,Lichid racire premix 5L,coolant,Berlin,Germany,Central,159.6424,7.602019047619048,8.5172,0.14047619047619048,-1.21,0.86,0,21,0,0,0,0,0,0,21,0,21,21,21,9.267857142857142,181.0,194.625,-17.97,0.8937,0.3957,56.74
PEU-COOLANT-PREMIX,DK_CPH,Lichid racire premix 5L,coolant,Copenhagen,Denmark,North_Central,148.7151,7.081671428571429,7.8936,1.08,-0.06,2.6,0,16,0,0,0,0,0,0,16,0,16,16,16,8.964285714285714,170.0,188.24999999999997,-21.0,0.8788,0.4279,57.11
PEU-COOLANT-PREMIX,EE_TLL,Lichid racire premix 5L,coolant,Tallinn,Estonia,Nordic,191.9003,9.138109523809524,10.6283,-5.933333333333333,-7.29,-4.45,0,21,17,0,0,0,0,3,21,0,21,21,21,10.714285714285714,221.0,224.99999999999997,-14.71,0.8516,0.3634,59.19
PEU-COOLANT-PREMIX,ES_MAD,Lichid racire premix 5L,coolant,Madrid,Spain,South,152.8807,7.280033333333333,8.2211,7.093809523809524,5.75,7.96,0,0,0,0,0,0,0,0,0,0,0,0,0,8.839285714285714,172.0,185.62499999999997,-17.64,0.802,0.4207,55.02
PEU-COOLANT-PREMIX,FI_HEL,Lichid racire premix 5L,coolant,Helsinki,Finland,Nordic,192.3313,9.158633333333333,10.2687,-6.748571428571428,-8.29,-5.81,0,21,21,0,0,0,0,0,21,0,21,21,21,11.607142857142858,234.0,243.75,-21.09,0.8871,0.3462,61.9
PEU-COOLANT-PREMIX,FR_PAR,Lichid racire premix 5L,coolant,Paris,France,West,164.6872,7.842247619047619,8.7932,4.016666666666667,2.64,5.1,0,0,0,0,0,0,0,0,0,0,0,0,0,9.767857142857142,186.0,205.125,-19.71,0.8783,0.4067,58.61
PEU-COOLANT-PREMIX,IT_MIL,Lichid racire premix 5L,coolant,Milan,Italy,South,156.9906,7.4757428571428575,8.2685,5.016190476190476,3.72,5.97,0,0,0,0,0,0,0,0,0,0,0,0,0,9.196428571428571,178.0,193.125,-18.71,0.8335,0.4622,58.24
PEU-COOLANT-PREMIX,NL_AMS,Lichid racire premix 5L,coolant,Amsterdam,Netherlands,West,162.4408,7.73527619047619,8.5575,2.947142857142857,1.6,4.23,0,0,0,0,0,0,0,0,0,0,0,0,0,9.428571428571429,182.0,198.0,-17.96,0.8586,0.4114,56.83
PEU-COOLANT-PREMIX,PL_WAW,Lichid racire premix 5L,coolant,Warsaw,Poland,Central,155.0478,7.383228571428571,8.0401,-1.7014285714285713,-3.21,-0.84,0,21,0,0,0,0,0,3,21,0,21,21,21,8.875,172.0,186.375,-16.81,0.8455,0.4127,54.72
PEU-COOLANT-PREMIX,RO_BUC,Lichid racire premix 5L,coolant,Bucharest,Romania,East,148.3714,7.065304761904762,7.8021,-0.7733333333333334,-2.37,0.23,0,21,0,0,0,0,0,3,21,0,21,21,21,8.535714285714286,163.0,179.25000000000003,-17.23,0.8392,0.4434,55.16
PEU-COOLANT-PREMIX,SE_STO,Lichid racire premix 5L,coolant,Stockholm,Sweden,Nordic,185.2922,8.823438095238096,10.0515,-4.496666666666667,-5.53,-3.03,0,21,9,0,0,0,0,0,21,0,21,21,21,10.571428571428571,222.0,222.0,-16.54,0.8308,0.3336,57.8
PEU-HEADLIGHT-H7,CZ_PRG,Bec far H7,lighting,Prague,Czechia,Central,154.7236,7.367790476190477,8.0164,-1.0623809523809524,-2.47,0.02,0,21,0,0,0,0,0,3,21,0,21,21,21,8.339285714285714,167.0,175.12499999999997,-11.65,0.621,0.203,35.35
PEU-HEADLIGHT-H7,DE_BER,Bec far H7,lighting,Berlin,Germany,Central,158.7526,7.559647619047619,8.4003,0.14047619047619048,-1.21,0.86,0,21,0,0,0,0,0,0,21,0,21,21,21,8.892857142857142,177.0,186.75,-14.99,0.6137,0.1651,35.83
PEU-HEADLIGHT-H7,DK_CPH,Bec far H7,lighting,Copenhagen,Denmark,North_Central,158.0318,7.52532380952381,8.2489,1.08,-0.06,2.6,0,16,0,0,0,0,0,0,16,0,16,16,16,8.767857142857142,176.0,184.125,-14.17,0.601,0.1595,34.26
PEU-HEADLIGHT-H7,EE_TLL,Bec far H7,lighting,Tallinn,Estonia,Nordic,167.4528,7.973942857142857,8.6516,-5.933333333333333,-7.29,-4.45,0,21,17,0,0,0,0,3,21,0,21,21,21,9.357142857142858,185.0,196.5,-14.78,0.6324,0.3111,41.06
PEU-HEADLIGHT-H7,ES_MAD,Bec far H7,lighting,Madrid,Spain,South,153.9114,7.329114285714285,8.0887,7.093809523809524,5.75,7.96,0,0,0,0,0,0,0,0,0,0,0,0,0,8.571428571428571,173.0,180.0,-14.49,0.6017,0.0526,33.36
PEU-HEADLIGHT-H7,FI_HEL,Bec far H7,lighting,Helsinki,Finland,Nordic,173.9069,8.281280952380953,9.2944,-6.748571428571428,-8.29,-5.81,0,21,21,0,0,0,0,0,21,0,21,21,21,10.035714285714286,198.0,210.75000000000003,-17.48,0.6264,0.2851,41.86
PEU-HEADLIGHT-H7,FR_PAR,Bec far H7,lighting,Paris,France,West,165.5828,7.884895238095238,8.6186,4.016666666666667,2.64,5.1,0,0,0,0,0,0,0,0,0,0,0,0,0,9.375,186.0,196.875,-15.89,0.6419,0.0696,36.85
PEU-HEADLIGHT-H7,IT_MIL,Bec far H7,lighting,Milan,Italy,South,163.5056,7.785980952380951,8.5254,5.016190476190476,3.72,5.97,0,0,0,0,0,0,0,0,0,0,0,0,0,8.946428571428571,180.0,187.875,-12.97,0.6348,0.0564,35.79
PEU-HEADLIGHT-H7,NL_AMS,Bec far H7,lighting,Amsterdam,Netherlands,West,163.1082,7.767057142857143,8.5433,2.947142857142857,1.6,4.23,0,0,0,0,0,0,0,0,0,0,0,0,0,9.125,183.0,191.625,-14.88,0.6236,0.1084,36.0
PEU-HEADLIGHT-H7,PL_WAW,Bec far H7,lighting,Warsaw,Poland,Central,156.3167,7.443652380952381,8.2485,-1.7014285714285713,-3.21,-0.84,0,21,0,0,0,0,0,3,21,0,21,21,21,8.607142857142858,172.0,180.75,-13.52,0.6242,0.224,36.41
PEU-HEADLIGHT-H7,RO_BUC,Bec far H7,lighting,Bucharest,Romania,East,152.1756,7.246457142857143,7.944,-0.7733333333333334,-2.37,0.23,0,21,0,0,0,0,0,3,21,0,21,21,21,8.267857142857142,164.0,173.625,-12.35,0.615,0.1904,34.26
PEU-HEADLIGHT-H7,SE_STO,Bec far H7,lighting,Stockholm,Sweden,Nordic,166.8219,7.9439,8.6535,-4.496666666666667,-5.53,-3.03,0,21,9,0,0,0,0,0,21,0,21,21,21,9.535714285714286,191.0,200.25000000000003,-16.69,0.6152,0.2856,40.31
PEU-OIL-5W30-5L,CZ_PRG,Ulei motor 5W30 5L,maintenance,Prague,Czechia,Central,150.4369,7.163661904761905,8.7741,-1.0623809523809524,-2.47,0.02,0,21,0,0,0,0,0,3,21,0,21,21,21,7.75,157.0,162.75,-7.57,0.1095,0.0,42.52
PEU-OIL-5W30-5L,DE_BER,Ulei motor 5W30 5L,maintenance,Berlin,Germany,Central,154.5998,7.361895238095237,8.2263,0.14047619047619048,-1.21,0.86,0,21,0,0,0,0,0,0,21,0,21,21,21,8.321428571428571,173.0,174.75,-11.53,0.1107,0.0,44.18
PEU-OIL-5W30-5L,DK_CPH,Ulei motor 5W30 5L,maintenance,Copenhagen,Denmark,North_Central,148.4686,7.069933333333334,7.7573,1.08,-0.06,2.6,0,16,0,0,0,0,0,0,16,0,16,16,16,8.178571428571429,169.0,171.75,-13.56,0.0954,0.0,40.28
PEU-OIL-5W30-5L,EE_TLL,Ulei motor 5W30 5L,maintenance,Tallinn,Estonia,Nordic,162.6215,7.743880952380953,9.5553,-5.933333333333333,-7.29,-4.45,0,21,17,0,0,0,0,3,21,0,21,21,21,8.642857142857142,178.0,181.5,-10.4,0.1001,0.0,42.41
PEU-OIL-5W30-5L,ES_MAD,Ulei motor 5W30 5L,maintenance,Madrid,Spain,South,147.3614,7.017209523809524,7.6824,7.093809523809524,5.75,7.96,0,0,0,0,0,0,0,0,0,0,0,0,0,8.071428571428571,165.0,169.5,-13.06,0.1058,0.0074,45.37
PEU-OIL-5W30-5L,FI_HEL,Ulei motor 5W30 5L,maintenance,Helsinki,Finland,Nordic,167.976,7.998857142857143,8.8135,-6.748571428571428,-8.29,-5.81,0,21,21,0,0,0,0,0,21,0,21,21,21,9.321428571428571,192.0,195.75,-14.19,0.1182,0.0,46.19
PEU-OIL-5W30-5L,FR_PAR,Ulei motor 5W30 5L,maintenance,Paris,France,West,159.9827,7.618223809523809,8.2684,4.016666666666667,2.64,5.1,0,0,0,0,0,0,0,0,0,0,0,0,0,8.821428571428571,182.0,185.25,-13.64,0.1195,0.0,46.24
PEU-OIL-5W30-5L,IT_MIL,Ulei motor 5W30 5L,maintenance,Milan,Italy,South,147.6995,7.033309523809524,7.7107,5.016190476190476,3.72,5.97,0,0,0,0,0,0,0,0,0,0,0,0,0,8.267857142857142,170.0,173.625,-14.93,0.1127,0.0209,50.86
PEU-OIL-5W30-5L,NL_AMS,Ulei motor 5W30 5L,maintenance,Amsterdam,Netherlands,West,149.6999,7.128566666666667,7.9381,2.947142857142857,1.6,4.23,0,0,0,0,0,0,0,0,0,0,0,0,0,8.446428571428571,174.0,177.375,-15.6,0.1125,0.0,45.03
PEU-OIL-5W30-5L,PL_WAW,Ulei motor 5W30 5L,maintenance,Warsaw,Poland,Central,153.4482,7.307057142857143,9.1507,-1.7014285714285713,-3.21,-0.84,0,21,0,0,0,0,0,3,21,0,21,21,21,8.053571428571429,164.0,169.125,-9.27,0.1039,0.0,42.0
PEU-OIL-5W30-5L,RO_BUC,Ulei motor 5W30 5L,maintenance,Bucharest,Romania,East,153.1838,7.294466666666667,9.0016,-0.7733333333333334,-2.37,0.23,0,21,0,0,0,0,0,3,21,0,21,21,21,7.767857142857143,162.0,163.125,-6.09,0.1196,0.0224,51.27
PEU-OIL-5W30-5L,SE_STO,Ulei motor 5W30 5L,maintenance,Stockholm,Sweden,Nordic,159.1941,7.580671428571428,8.2455,-4.496666666666667,-5.53,-3.03,0,21,9,0,0,0,0,0,21,0,21,21,21,8.928571428571429,183.0,187.5,-15.1,0.1006,0.0,42.58
PEU-OIL-FILTER,CZ_PRG,Filtru ulei,maintenance,Prague,Czechia,Central,172.43619999999999,8.211247619047619,10.2101,-1.0623809523809524,-2.47,0.02,0,21,0,0,0,0,0,3,21,0,21,21,21,9.053571428571429,185.0,190.125,-9.3,0.0982,0.0,25.84
PEU-OIL-FILTER,DE_BER,Filtru ulei,maintenance,Berlin,Germany,Central,173.2549,8.250233333333332,9.1465,0.14047619047619048,-1.21,0.86,0,21,0,0,0,0,0,0,21,0,21,21,21,9.625,201.0,202.125,-14.28,0.1058,0.0,29.65
PEU-OIL-FILTER,DK_CPH,Filtru ulei,maintenance,Copenhagen,Denmark,North_Central,171.8202,8.181914285714285,8.9331,1.08,-0.06,2.6,0,16,0,0,0,0,0,0,16,0,16,16,16,9.5,194.0,199.5,-13.87,0.1068,0.0,28.96
PEU-OIL-FILTER,EE_TLL,Filtru ulei,maintenance,Tallinn,Estonia,Nordic,184.0421,8.763909523809524,10.9099,-5.933333333333333,-7.29,-4.45,0,21,17,0,0,0,0,3,21,0,21,21,21,10.107142857142858,209.0,212.25,-13.29,0.0905,0.0,27.26
PEU-OIL-FILTER,ES_MAD,Filtru ulei,maintenance,Madrid,Spain,South,168.8434,8.040161904761906,8.5294,7.093809523809524,5.75,7.96,0,0,0,0,0,0,0,0,0,0,0,0,0,9.428571428571429,191.0,198.0,-14.73,0.1124,0.0115,34.93
PEU-OIL-FILTER,FI_HEL,Filtru ulei,maintenance,Helsinki,Finland,Nordic,189.5385,9.025642857142858,11.5285,-6.748571428571428,-8.29,-5.81,0,21,21,0,0,0,0,0,21,0,21,21,21,10.892857142857142,222.0,228.75,-17.14,0.1116,0.0,32.81
PEU-OIL-FILTER,FR_PAR,Filtru ulei,maintenance,Paris,France,West,182.2258,8.677419047619047,9.7787,4.016666666666667,2.64,5.1,0,0,0,0,0,0,0,0,0,0,0,0,0,10.267857142857142,211.0,215.625,-15.49,0.1254,0.0,33.46
PEU-OIL-FILTER,IT_MIL,Filtru ulei,maintenance,Milan,Italy,South,178.9163,8.51982380952381,9.7185,5.016190476190476,3.72,5.97,0,0,0,0,0,0,0,0,0,0,0,0,0,9.75,203.0,204.75,-12.62,0.1144,0.0125,36.23
PEU-OIL-FILTER,NL_AMS,Filtru ulei,maintenance,Amsterdam,Netherlands,West,175.5708,8.360514285714284,9.2278,2.947142857142857,1.6,4.23,0,0,0,0,0,0,0,0,0,0,0,0,0,9.875,201.0,207.375,-15.34,0.1113,0.0,30.38
PEU-OIL-FILTER,PL_WAW,Filtru ulei,maintenance,Warsaw,Poland,Central,179.6043,8.552585714285714,10.6418,-1.7014285714285713,-3.21,-0.84,0,21,0,0,0,0,0,3,21,0,21,21,21,9.375,193.0,196.875,-8.77,0.1026,0.0,27.79
PEU-OIL-FILTER,RO_BUC,Filtru ulei,maintenance,Bucharest,Romania,East,166.4034,7.923971428571429,9.6243,-0.7733333333333334,-2.37,0.23,0,21,0,0,0,0,0,3,21,0,21,21,21,8.946428571428571,185.0,187.875,-11.43,0.0986,0.0338,34.4
PEU-OIL-FILTER,SE_STO,Filtru ulei,maintenance,Stockholm,Sweden,Nordic,184.2494,8.773780952380953,10.7739,-4.496666666666667,-5.53,-3.03,0,21,9,0,0,0,0,0,21,0,21,21,21,10.392857142857142,213.0,218.25,-15.58,0.1203,0.0,34.18
PEU-RUBBER-MATS,CZ_PRG,Covorase cauciuc Peugeot,accessories,Prague,Czechia,Central,114.2139,5.438757142857143,5.8354,-1.0623809523809524,-2.47,0.02,0,21,0,0,0,0,0,3,21,0,21,21,21,6.785714285714286,121.0,142.5,-19.85,1.204,0.2936,60.19
PEU-RUBBER-MATS,DE_BER,Covorase cauciuc Peugeot,accessories,Berlin,Germany,Central,123.52629999999999,5.882204761904761,6.4627,0.14047619047619048,-1.21,0.86,0,21,0,0,0,0,0,0,21,0,21,21,21,7.339285714285714,135.0,154.125,-19.85,1.1448,0.274,58.82
PEU-RUBBER-MATS,DK_CPH,Covorase cauciuc Peugeot,accessories,Copenhagen,Denmark,North_Central,108.7152,5.176914285714285,5.8507,1.08,-0.06,2.6,0,16,0,0,0,0,0,0,16,0,16,16,16,7.232142857142857,131.0,151.875,-28.42,1.1605,0.3021,59.75
PEU-RUBBER-MATS,EE_TLL,Covorase cauciuc Peugeot,accessories,Tallinn,Estonia,Nordic,134.73160000000001,6.415790476190477,7.235,-5.933333333333333,-7.29,-4.45,0,21,17,0,0,0,0,3,21,0,21,21,21,7.696428571428571,140.0,161.625,-16.64,1.1583,0.2679,60.02
PEU-RUBBER-MATS,ES_MAD,Covorase cauciuc Peugeot,accessories,Madrid,Spain,South,119.0494,5.669019047619048,6.1135,7.093809523809524,5.75,7.96,0,0,0,0,0,0,0,0,0,0,0,0,0,7.035714285714286,129.0,147.75,-19.43,1.1859,0.2692,59.17
PEU-RUBBER-MATS,FI_HEL,Covorase cauciuc Peugeot,accessories,Helsinki,Finland,Nordic,139.8072,6.6574857142857145,7.3695,-6.748571428571428,-8.29,-5.81,0,21,21,0,0,0,0,0,21,0,21,21,21,8.125,150.0,170.625,-18.06,1.1346,0.3254,61.78
PEU-RUBBER-MATS,FR_PAR,Covorase cauciuc Peugeot,accessories,Paris,France,West,127.7327,6.082509523809524,6.8627,4.016666666666667,2.64,5.1,0,0,0,0,0,0,0,0,0,0,0,0,0,7.732142857142857,141.0,162.375,-21.33,1.1692,0.3217,61.53
PEU-RUBBER-MATS,IT_MIL,Covorase cauciuc Peugeot,accessories,Milan,Italy,South,122.7368,5.844609523809524,6.4737,5.016190476190476,3.72,5.97,0,0,0,0,0,0,0,0,0,0,0,0,0,7.357142857142857,135.0,154.5,-20.56,1.174,0.339,61.83
PEU-RUBBER-MATS,NL_AMS,Covorase cauciuc Peugeot,accessories,Amsterdam,Netherlands,West,122.2049,5.819280952380952,6.3856,2.947142857142857,1.6,4.23,0,0,0,0,0,0,0,0,0,0,0,0,0,7.446428571428571,135.0,156.375,-21.85,1.1768,0.3229,61.78
PEU-RUBBER-MATS,PL_WAW,Covorase cauciuc Peugeot,accessories,Warsaw,Poland,Central,120.7731,5.7511,6.3108,-1.7014285714285713,-3.21,-0.84,0,21,0,0,0,0,0,3,21,0,21,21,21,7.071428571428571,129.0,148.5,-18.67,1.1762,0.2892,59.49
PEU-RUBBER-MATS,RO_BUC,Covorase cauciuc Peugeot,accessories,Bucharest,Romania,East,117.6271,5.601290476190476,6.1889,-0.7733333333333334,-2.37,0.23,0,21,0,0,0,0,0,3,21,0,21,21,21,6.785714285714286,125.0,142.5,-17.45,1.1901,0.3297,60.82
PEU-RUBBER-MATS,SE_STO,Covorase cauciuc Peugeot,accessories,Stockholm,Sweden,Nordic,134.0323,6.382490476190476,7.0152,-4.496666666666667,-5.53,-3.03,0,21,9,0,0,0,0,0,21,0,21,21,21,7.857142857142857,144.0,165.0,-18.77,1.1673,0.2612,60.37
PEU-SPARK-PLUG,CZ_PRG,Bujie benzina,maintenance,Prague,Czechia,Central,108.6864,5.175542857142857,6.2097,-1.0623809523809524,-2.47,0.02,0,21,0,0,0,0,0,3,21,0,21,21,21,5.553571428571429,114.0,116.625,-6.81,0.0906,0.0061,19.21
PEU-SPARK-PLUG,DE_BER,Bujie benzina,maintenance,Berlin,Germany,Central,107.8827,5.137271428571428,6.4296,0.14047619047619048,-1.21,0.86,0,21,0,0,0,0,0,0,21,0,21,21,21,5.821428571428571,120.0,122.25,-11.75,0.1095,0.0,20.67
PEU-SPARK-PLUG,DK_CPH,Bujie benzina,maintenance,Copenhagen,Denmark,North_Central,106.9614,5.0934,5.9315,1.08,-0.06,2.6,0,16,0,0,0,0,0,0,16,0,16,16,16,5.785714285714286,120.0,121.5,-11.97,0.1125,0.0,21.37
PEU-SPARK-PLUG,EE_TLL,Bujie benzina,maintenance,Tallinn,Estonia,Nordic,117.2065,5.581261904761905,6.4806,-5.933333333333333,-7.29,-4.45,0,21,17,0,0,0,0,3,21,0,21,21,21,6.357142857142857,129.0,133.5,-12.2,0.1232,0.0,23.83
PEU-SPARK-PLUG,ES_MAD,Bujie benzina,maintenance,Madrid,Spain,South,106.8821,5.089623809523809,6.1788,7.093809523809524,5.75,7.96,0,0,0,0,0,0,0,0,0,0,0,0,0,5.732142857142857,118.0,120.37499999999999,-11.21,0.1044,0.013,24.28
PEU-SPARK-PLUG,FI_HEL,Bujie benzina,maintenance,Helsinki,Finland,Nordic,123.035,5.858809523809524,7.02,-6.748571428571428,-8.29,-5.81,0,21,21,0,0,0,0,0,21,0,21,21,21,6.642857142857143,135.0,139.5,-11.8,0.0992,0.0,20.57
PEU-SPARK-PLUG,FR_PAR,Bujie benzina,maintenance,Paris,France,West,117.7708,5.608133333333333,6.5182,4.016666666666667,2.64,5.1,0,0,0,0,0,0,0,0,0,0,0,0,0,6.285714285714286,128.0,132.0,-10.78,0.0972,0.0038,21.81
PEU-SPARK-PLUG,IT_MIL,Bujie benzina,maintenance,Milan,Italy,South,111.9816,5.332457142857143,6.6367,5.016190476190476,3.72,5.97,0,0,0,0,0,0,0,0,0,0,0,0,0,5.982142857142857,125.0,125.62499999999999,-10.86,0.1022,0.0063,22.8
PEU-SPARK-PLUG,NL_AMS,Bujie benzina,maintenance,Amsterdam,Netherlands,West,116.5082,5.548009523809524,6.4433,2.947142857142857,1.6,4.23,0,0,0,0,0,0,0,0,0,0,0,0,0,6.035714285714286,127.0,126.75,-8.08,0.1339,0.0,23.53
PEU-SPARK-PLUG,PL_WAW,Bujie benzina,maintenance,Warsaw,Poland,Central,110.3866,5.256504761904762,6.3594,-1.7014285714285713,-3.21,-0.84,0,21,0,0,0,0,0,3,21,0,21,21,21,5.75,118.0,120.75,-8.58,0.0976,0.0,16.84
PEU-SPARK-PLUG,RO_BUC,Bujie benzina,maintenance,Bucharest,Romania,East,109.2815,5.203880952380952,6.2129,-0.7733333333333334,-2.37,0.23,0,21,0,0,0,0,0,3,21,0,21,21,21,5.535714285714286,115.0,116.25,-5.99,0.1303,0.026,29.47
PEU-SPARK-PLUG,SE_STO,Bujie benzina,maintenance,Stockholm,Sweden,Nordic,110.1525,5.245357142857143,6.505,-4.496666666666667,-5.53,-3.03,0,21,9,0,0,0,0,0,21,0,21,21,21,6.303571428571429,129.0,132.375,-16.79,0.105,0.0,21.38
PEU-SUMMER-TIRE-205,CZ_PRG,Anvelopa vara 205/55R16,tires,Prague,Czechia,Central,39.5051,1.8811952380952381,2.05,-1.0623809523809524,-2.47,0.02,0,21,0,0,0,0,0,3,21,0,21,21,21,1.9464285714285714,40.0,40.875,-3.35,2.6855,0.0,59.73
PEU-SUMMER-TIRE-205,DE_BER,Anvelopa vara 205/55R16,tires,Berlin,Germany,Central,39.3526,1.8739333333333335,1.9614,0.14047619047619048,-1.21,0.86,0,21,0,0,0,0,0,0,21,0,21,21,21,1.9642857142857142,41.0,41.25,-4.6,2.6673,0.0,61.12
PEU-SUMMER-TIRE-205,DK_CPH,Anvelopa vara 205/55R16,tires,Copenhagen,Denmark,North_Central,39.7858,1.894561904761905,2.0548,1.08,-0.06,2.6,0,16,0,0,0,0,0,0,16,0,16,16,16,2.0,41.0,42.0,-5.27,2.6501,0.0,59.83
PEU-SUMMER-TIRE-205,EE_TLL,Anvelopa vara 205/55R16,tires,Tallinn,Estonia,Nordic,42.1923,2.009157142857143,2.2712,-5.933333333333333,-7.29,-4.45,0,21,17,0,0,0,0,3,21,0,21,21,21,2.125,45.0,44.625,-5.45,2.6972,0.0,63.14
PEU-SUMMER-TIRE-205,ES_MAD,Anvelopa vara 205/55R16,tires,Madrid,Spain,South,39.7661,1.8936238095238096,2.0447,7.093809523809524,5.75,7.96,0,0,0,0,0,0,0,0,0,0,0,0,0,2.0535714285714284,41.0,43.12499999999999,-7.79,2.6813,0.0,60.13
PEU-SUMMER-TIRE-205,FI_HEL,Anvelopa vara 205/55R16,tires,Helsinki,Finland,Nordic,41.186,1.9612380952380952,2.27,-6.748571428571428,-8.29,-5.81,0,21,21,0,0,0,0,0,21,0,21,21,21,2.25,45.0,47.25,-12.83,2.6909,0.0,64.02
PEU-SUMMER-TIRE-205,FR_PAR,Anvelopa vara 205/55R16,tires,Paris,France,West,39.5771,1.8846238095238097,2.003,4.016666666666667,2.64,5.1,0,0,0,0,0,0,0,0,0,0,0,0,0,2.017857142857143,41.0,42.375,-6.6,2.6472,0.0,61.3
PEU-SUMMER-TIRE-205,IT_MIL,Anvelopa vara 205/55R16,tires,Milan,Italy,South,39.6798,1.8895142857142857,2.018,5.016190476190476,3.72,5.97,0,0,0,0,0,0,0,0,0,0,0,0,0,1.9642857142857142,40.0,41.25,-3.81,2.6529,0.0,60.17
PEU-SUMMER-TIRE-205,NL_AMS,Anvelopa vara 205/55R16,tires,Amsterdam,Netherlands,West,39.6673,1.8889190476190474,1.9927,2.947142857142857,1.6,4.23,0,0,0,0,0,0,0,0,0,0,0,0,0,2.0892857142857144,41.0,43.875,-9.59,2.6295,0.0,60.22
PEU-SUMMER-TIRE-205,PL_WAW,Anvelopa vara 205/55R16,tires,Warsaw,Poland,Central,39.6681,1.888957142857143,2.0488,-1.7014285714285713,-3.21,-0.84,0,21,0,0,0,0,0,3,21,0,21,21,21,1.9642857142857142,40.0,41.25,-3.83,2.6584,0.0,59.35
PEU-SUMMER-TIRE-205,RO_BUC,Anvelopa vara 205/55R16,tires,Bucharest,Romania,East,39.1029,1.862042857142857,2.0054,-0.7733333333333334,-2.37,0.23,0,21,0,0,0,0,0,3,21,0,21,21,21,1.8392857142857142,35.0,38.625,1.24,2.6683,0.0,58.78
PEU-SUMMER-TIRE-205,SE_STO,Anvelopa vara 205/55R16,tires,Stockholm,Sweden,Nordic,40.9097,1.9480809523809524,2.0781,-4.496666666666667,-5.53,-3.03,0,21,9,0,0,0,0,0,21,0,21,21,21,2.1785714285714284,46.0,45.74999999999999,-10.58,2.6566,0.0,62.33
PEU-WF-WINTER-5L,CZ_PRG,Lichid parbriz iarna -20C 5L,winter_fluids,Prague,Czechia,Central,573.7517,27.321509523809524,32.6947,-1.0623809523809524,-2.47,0.02,0,21,0,0,0,0,0,3,21,0,21,21,21,30.5,714.0,640.5,-10.42,1.8455,1.2257,75.72
PEU-WF-WINTER-5L,DE_BER,Lichid parbriz iarna -20C 5L,winter_fluids,Berlin,Germany,Central,585.4331999999999,27.877771428571425,33.1522,0.14047619047619048,-1.21,0.86,0,21,0,0,0,0,0,0,21,0,21,21,21,31.232142857142858,704.0,655.875,-10.74,1.7547,1.0174,74.86
PEU-WF-WINTER-5L,DK_CPH,Lichid parbriz iarna -20C 5L,winter_fluids,Copenhagen,Denmark,North_Central,528.8302,25.182390476190477,30.457,1.08,-0.06,2.6,0,16,0,0,0,0,0,0,16,0,16,16,16,29.696428571428573,638.0,623.625,-15.2,1.6564,0.9085,74.05
PEU-WF-WINTER-5L,EE_TLL,Lichid parbriz iarna -20C 5L,winter_fluids,Tallinn,Estonia,Nordic,890.811,42.41957142857143,45.74,-5.933333333333333,-7.29,-4.45,0,21,17,0,0,0,0,3,21,0,21,21,21,49.267857142857146,1092.0,1034.625,-13.9,1.9785,2.2321,84.31
PEU-WF-WINTER-5L,ES_MAD,Lichid parbriz iarna -20C 5L,winter_fluids,Madrid,Spain,South,404.7378,19.27322857142857,21.5207,7.093809523809524,5.75,7.96,0,0,0,0,0,0,0,0,0,0,0,0,0,21.303571428571427,493.0,447.37499999999994,-9.53,1.8811,0.6217,67.66
PEU-WF-WINTER-5L,FI_HEL,Lichid parbriz iarna -20C 5L,winter_fluids,Helsinki,Finland,Nordic,922.9987,43.95231904761905,46.4303,-6.748571428571428,-8.29,-5.81,0,21,21,0,0,0,0,0,21,0,21,21,21,54.25,1172.0,1139.25,-18.98,1.9504,2.2696,84.54
PEU-WF-WINTER-5L,FR_PAR,Lichid parbriz iarna -20C 5L,winter_fluids,Paris,France,West,429.6181,20.458004761904764,25.1161,4.016666666666667,2.64,5.1,0,0,0,0,0,0,0,0,0,0,0,0,0,23.142857142857142,536.0,486.0,-11.6,1.8736,0.5953,68.29
PEU-WF-WINTER-5L,IT_MIL,Lichid parbriz iarna -20C 5L,winter_fluids,Milan,Italy,South,415.4307,19.782414285714285,22.682,5.016190476190476,3.72,5.97,0,0,0,0,0,0,0,0,0,0,0,0,0,21.982142857142858,509.0,461.625,-10.01,1.8699,0.605,67.45
PEU-WF-WINTER-5L,NL_AMS,Lichid parbriz iarna -20C 5L,winter_fluids,Amsterdam,Netherlands,West,426.3015,20.300071428571428,24.8553,2.947142857142857,1.6,4.23,0,0,0,0,0,0,0,0,0,0,0,0,0,22.392857142857142,522.0,470.25,-9.35,1.887,0.6303,68.68
PEU-WF-WINTER-5L,PL_WAW,Lichid parbriz iarna -20C 5L,winter_fluids,Warsaw,Poland,Central,585.8333,27.89682380952381,33.1269,-1.7014285714285713,-3.21,-0.84,0,21,0,0,0,0,0,3,21,0,21,21,21,31.571428571428573,734.0,663.0,-11.64,1.8519,1.4082,77.48
PEU-WF-WINTER-5L,RO_BUC,Lichid parbriz iarna -20C 5L,winter_fluids,Bucharest,Romania,East,580.4206,27.639076190476192,31.2833,-0.7733333333333334,-2.37,0.23,0,21,0,0,0,0,0,3,21,0,21,21,21,29.357142857142858,675.0,616.5,-5.85,1.7887,1.1145,74.44
PEU-WF-WINTER-5L,SE_STO,Lichid parbriz iarna -20C 5L,winter_fluids,Stockholm,Sweden,Nordic,860.6875,40.98511904761905,43.5167,-4.496666666666667,-5.53,-3.03,0,21,9,0,0,0,0,0,21,0,21,21,21,46.767857142857146,1128.0,982.1250000000001,-12.36,1.9083,2.0075,83.38
PEU-WINTER-TIRE-205,CZ_PRG,Anvelopa iarna 205/55R16,tires,Prague,Czechia,Central,184.9566,8.807457142857142,10.7861,-1.0623809523809524,-2.47,0.02,0,21,0,0,0,0,0,3,21,0,21,21,21,12.285714285714286,232.0,258.0,-28.31,2.4538,1.0603,82.71
PEU-WINTER-TIRE-205,DE_BER,Anvelopa iarna 205/55R16,tires,Berlin,Germany,Central,183.7675,8.750833333333334,10.8401,0.14047619047619048,-1.21,0.86,0,21,0,0,0,0,0,0,21,0,21,21,21,12.535714285714286,220.0,263.25,-30.19,2.4815,1.098,84.17
PEU-WINTER-TIRE-205,DK_CPH,Anvelopa iarna 205/55R16,tires,Copenhagen,Denmark,North_Central,179.85660000000001,8.5646,10.6426,1.08,-0.06,2.6,0,16,0,0,0,0,0,0,16,0,16,16,16,12.035714285714286,198.0,252.75000000000003,-28.84,2.5575,1.0995,83.87
PEU-WINTER-TIRE-205,EE_TLL,Anvelopa iarna 205/55R16,tires,Tallinn,Estonia,Nordic,261.6292,12.458533333333335,14.2809,-5.933333333333333,-7.29,-4.45,0,21,17,0,0,0,0,3,21,0,21,21,21,18.196428571428573,329.0,382.12500000000006,-31.53,2.749,1.3021,91.32
PEU-WINTER-TIRE-205,ES_MAD,Anvelopa iarna 205/55R16,tires,Madrid,Spain,South,161.6672,7.698438095238096,8.4391,7.093809523809524,5.75,7.96,0,0,0,0,0,0,0,0,0,0,0,0,0,11.642857142857142,190.0,244.5,-33.88,2.5863,1.1345,84.0
PEU-WINTER-TIRE-205,FI_HEL,Anvelopa iarna 205/55R16,tires,Helsinki,Finland,Nordic,294.4346,14.020695238095238,14.8596,-6.748571428571428,-8.29,-5.81,0,21,21,0,0,0,0,0,21,0,21,21,21,19.946428571428573,349.0,418.87500000000006,-29.71,2.8914,1.3555,93.8
PEU-WINTER-TIRE-205,FR_PAR,Anvelopa iarna 205/55R16,tires,Paris,France,West,174.7341,8.32067142857143,9.687,4.016666666666667,2.64,5.1,0,0,0,0,0,0,0,0,0,0,0,0,0,12.803571428571429,207.0,268.875,-35.01,2.6189,1.1633,86.41
PEU-WINTER-TIRE-205,IT_MIL,Anvelopa iarna 205/55R16,tires,Milan,Italy,South,163.4512,7.783390476190476,8.5313,5.016190476190476,3.72,5.97,0,0,0,0,0,0,0,0,0,0,0,0,0,11.982142857142858,193.0,251.625,-35.04,2.564,1.1565,84.4
PEU-WINTER-TIRE-205,NL_AMS,Anvelopa iarna 205/55R16,tires,Amsterdam,Netherlands,West,169.0712,8.051009523809524,9.0796,2.947142857142857,1.6,4.23,0,0,0,0,0,0,0,0,0,0,0,0,0,12.232142857142858,200.0,256.875,-34.18,2.5681,1.1754,85.19
PEU-WINTER-TIRE-205,PL_WAW,Anvelopa iarna 205/55R16,tires,Warsaw,Poland,Central,193.2879,9.204185714285714,11.1245,-1.7014285714285713,-3.21,-0.84,0,21,0,0,0,0,0,3,21,0,21,21,21,12.75,235.0,267.75,-27.81,2.4471,1.0051,83.08
PEU-WINTER-TIRE-205,RO_BUC,Anvelopa iarna 205/55R16,tires,Bucharest,Romania,East,179.2716,8.536742857142858,10.2594,-0.7733333333333334,-2.37,0.23,0,21,0,0,0,0,0,3,21,0,21,21,21,11.821428571428571,217.0,248.25,-27.79,2.4649,1.1254,82.94
PEU-WINTER-TIRE-205,SE_STO,Anvelopa iarna 205/55R16,tires,Stockholm,Sweden,Nordic,280.7393,13.368538095238096,14.6928,-4.496666666666667,-5.53,-3.03,0,21,9,0,0,0,0,0,21,0,21,21,21,17.5,338.0,367.5,-23.61,2.6798,1.1546,89.68
PEU-WIPER-650,CZ_PRG,Stergatoare fata 650mm,wipers,Prague,Czechia,Central,182.6563,8.697919047619047,9.9009,-1.0623809523809524,-2.47,0.02,0,21,0,0,0,0,0,3,21,0,21,21,21,10.25,218.0,215.25,-15.14,0.6792,0.1437,50.88
PEU-WIPER-650,DE_BER,Stergatoare fata 650mm,wipers,Berlin,Germany,Central,183.7918,8.751990476190477,10.5566,0.14047619047619048,-1.21,0.86,0,21,0,0,0,0,0,0,21,0,21,21,21,10.375,210.0,217.875,-15.64,0.6839,0.1331,52.13
PEU-WIPER-650,DK_CPH,Stergatoare fata 650mm,wipers,Copenhagen,Denmark,North_Central,167.2932,7.966342857142858,8.8306,1.08,-0.06,2.6,0,16,0,0,0,0,0,0,16,0,16,16,16,9.732142857142858,184.0,204.375,-18.14,0.7025,0.138,51.32
PEU-WIPER-650,EE_TLL,Stergatoare fata 650mm,wipers,Tallinn,Estonia,Nordic,201.0357,9.57312857142857,11.5817,-5.933333333333333,-7.29,-4.45,0,21,17,0,0,0,0,3,21,0,21,21,21,12.785714285714286,240.0,268.5,-25.13,0.9531,0.402,66.5
PEU-WIPER-650,ES_MAD,Stergatoare fata 650mm,wipers,Madrid,Spain,South,160.8777,7.660842857142858,8.403,7.093809523809524,5.75,7.96,0,0,0,0,0,0,0,0,0,0,0,0,0,9.517857142857142,177.0,199.875,-19.51,0.7435,0.2362,53.12
PEU-WIPER-650,FI_HEL,Stergatoare fata 650mm,wipers,Helsinki,Finland,Nordic,201.5359,9.596947619047619,11.2565,-6.748571428571428,-8.29,-5.81,0,21,21,0,0,0,0,0,21,0,21,21,21,14.035714285714286,262.0,294.75,-31.62,0.9643,0.427,70.05
PEU-WIPER-650,FR_PAR,Stergatoare fata 650mm,wipers,Paris,France,West,172.9544,8.23592380952381,9.3074,4.016666666666667,2.64,5.1,0,0,0,0,0,0,0,0,0,0,0,0,0,10.607142857142858,197.0,222.75,-22.35,0.766,0.2313,55.81
PEU-WIPER-650,IT_MIL,Stergatoare fata 650mm,wipers,Milan,Italy,South,163.0035,7.762071428571429,8.5497,5.016190476190476,3.72,5.97,0,0,0,0,0,0,0,0,0,0,0,0,0,10.071428571428571,185.0,211.5,-22.93,0.7327,0.195,52.59
PEU-WIPER-650,NL_AMS,Stergatoare fata 650mm,wipers,Amsterdam,Netherlands,West,169.2693,8.060442857142856,8.8961,2.947142857142857,1.6,4.23,0,0,0,0,0,0,0,0,0,0,0,0,0,10.089285714285714,189.0,211.87499999999997,-20.11,0.7504,0.2257,54.14
PEU-WIPER-650,PL_WAW,Stergatoare fata 650mm,wipers,Warsaw,Poland,Central,184.8041,8.800195238095238,10.0474,-1.7014285714285713,-3.21,-0.84,0,21,0,0,0,0,0,3,21,0,21,21,21,10.446428571428571,224.0,219.375,-15.76,0.6673,0.1653,52.27
PEU-WIPER-650,RO_BUC,Stergatoare fata 650mm,wipers,Bucharest,Romania,East,182.0877,8.670842857142858,9.8273,-0.7733333333333334,-2.37,0.23,0,21,0,0,0,0,0,3,21,0,21,21,21,9.928571428571429,206.0,208.5,-12.67,0.7024,0.1618,51.48
PEU-WIPER-650,SE_STO,Stergatoare fata 650mm,wipers,Stockholm,Sweden,Nordic,197.851,9.42147619047619,11.4537,-4.496666666666667,-5.53,-3.03,0,21,9,0,0,0,0,0,21,0,21,21,21,12.928571428571429,248.0,271.5,-27.13,0.8916,0.365,65.86
